<?xml version="1.0"?>
<Project Version="1" Minor="0">
	<BUILD_NUMBER Name="1149489"/>
	<FULL_BUILD Name="SW Build 1149489 on Thu Feb 19 16:23:09 MST 2015"/>
	<MODE Name="Post-Bitstream"/>
	<SYSTEMINFO BOARD="" ARCH="zynq" PACKAGE="ffg900" DEVICE="7z045" SPEED="-3" LUT="" FF="" BRAM="" DSP=""/>
	<HIERARCHY Name="OpenSSD2"/>
	<File Type="HW_HANDOFF" Name="OpenSSD2.hwh" ModTime="1473082124"/>
	<File Type="PS_FSBL_INIT" Name="ps7_init.c" ModTime="1473082124"/>
	<File Type="PS_FSBL_INIT" Name="ps7_init.h" ModTime="1473082124"/>
	<File Type="PS_FSBL_INIT_GPL" Name="ps7_init_gpl.c" ModTime="1473082124"/>
	<File Type="PS_FSBL_INIT_GPL" Name="ps7_init_gpl.h" ModTime="1473082124"/>
	<File Type="PS_XMD_INIT" Name="ps7_init.tcl" ModTime="1473082124"/>
	<File Type="PS_INIT_HELP" Name="ps7_init.html" ModTime="1473082124"/>
	<File Type="BIT" Name="OpenSSD2.bit" ModTime="1473119945"/>
	<File Type="BMM" Name="OpenSSD2.mmi" ModTime="1473119694"/>
	<File Type="BD_TCL" Name="OpenSSD2_bd.tcl" ModTime="1473082124"/>
	<USEDRESOURCES LUT="" FF="" BRAM="" DSP=""/>
</Project>

